{"overall_train_loss": 5.099095821380615, "overall_eval_loss": 5.192325592041016, "loop_times": 15, "grad_norm/layerwise": {"_read_in.weight": 1.8235939741134644, "_read_in.bias": 1.59140944480896, "_backbone.transformer.wpe.weight": 0.543201744556427, "_backbone.transformer.h.0.ln_1.weight": 0.051489174365997314, "_backbone.transformer.h.0.ln_1.bias": 0.10355807840824127, "_backbone.transformer.h.0.attn.c_attn.weight": 2.8857357501983643, "_backbone.transformer.h.0.attn.c_attn.bias": 0.3484123647212982, "_backbone.transformer.h.0.attn.c_proj.weight": 3.9719173908233643, "_backbone.transformer.h.0.attn.c_proj.bias": 1.5437216758728027, "_backbone.transformer.h.0.ln_2.weight": 0.07784276455640793, "_backbone.transformer.h.0.ln_2.bias": 0.11597824096679688, "_backbone.transformer.h.0.mlp.c_fc.weight": 3.8524603843688965, "_backbone.transformer.h.0.mlp.c_fc.bias": 0.340793639421463, "_backbone.transformer.h.0.mlp.c_proj.weight": 5.684317111968994, "_backbone.transformer.h.0.mlp.c_proj.bias": 1.4875856637954712, "_backbone.transformer.ln_f.weight": 0.9671353697776794, "_backbone.transformer.ln_f.bias": 1.4009239673614502, "_read_out.weight": 8.382413864135742, "_read_out.bias": 0.672450065612793}, "grad_norm": 12.485633860012683, "pointwise/loss": {"0": 5.192054748535156, "1": 5.117269992828369, "2": 5.5808939933776855, "3": 5.7511396408081055, "4": 6.172962665557861, "5": 3.140613317489624, "6": 5.4226274490356445, "7": 4.993680000305176, "8": 5.241753578186035, "9": 4.034274578094482, "10": 6.468304634094238}, "n_points": 11, "n_dims": 5, "lr": 0.0001, "_timestamp": 1747516508, "_runtime": 5, "_step": 0, "_wandb": {"runtime": 6}}