{"overall_train_loss": 0.06028684973716736, "overall_eval_loss": 2.245664119720459, "loop_times": 30, "grad_norm/layerwise": {"_read_in.weight": 0.2739599943161011, "_read_in.bias": 0.10701841861009598, "_backbone.transformer.wpe.weight": 0.12129610031843185, "_backbone.transformer.h.0.ln_1.weight": 0.050189804285764694, "_backbone.transformer.h.0.ln_1.bias": 0.045102186501026154, "_backbone.transformer.h.0.attn.c_attn.weight": 0.8151769638061523, "_backbone.transformer.h.0.attn.c_attn.bias": 0.04931163787841797, "_backbone.transformer.h.0.attn.c_proj.weight": 0.6599241495132446, "_backbone.transformer.h.0.attn.c_proj.bias": 0.09450849890708923, "_backbone.transformer.h.0.ln_2.weight": 0.040106918662786484, "_backbone.transformer.h.0.ln_2.bias": 0.036103975027799606, "_backbone.transformer.h.0.mlp.c_fc.weight": 0.9160279035568237, "_backbone.transformer.h.0.mlp.c_fc.bias": 0.04013386741280556, "_backbone.transformer.h.0.mlp.c_proj.weight": 0.6948504447937012, "_backbone.transformer.h.0.mlp.c_proj.bias": 0.06661055982112885, "_backbone.transformer.ln_f.weight": 0.11047987639904022, "_backbone.transformer.ln_f.bias": 0.09713377803564072, "_read_out.weight": 0.2936379909515381, "_read_out.bias": 0.014750947244465351}, "grad_norm": 1.6297593375167103, "pointwise/loss": {"0": 9.44378662109375, "1": 3.9517970085144043, "2": 4.37968111038208, "3": 3.488567352294922, "4": 2.22904634475708, "5": 0.7096588611602783, "6": 0.2550554871559143, "7": 0.09799205511808395, "8": 0.04964030161499977, "9": 0.058168914169073105, "10": 0.038911111652851105}, "n_points": 41, "n_dims": 20, "lr": 0.0001, "_timestamp": 1747536928, "_runtime": 19460, "_step": 253100}