{"overall_loss": 2.178593635559082, "loop_times": 30, "grad_norm/layerwise": {"_read_in.weight": 0.6081680059432983, "_read_in.bias": 0.20867310464382172, "_backbone.transformer.wpe.weight": 0.24582765996456146, "_backbone.transformer.h.0.ln_1.weight": 0.0681997686624527, "_backbone.transformer.h.0.ln_1.bias": 0.059608835726976395, "_backbone.transformer.h.0.attn.c_attn.weight": 1.6937979459762573, "_backbone.transformer.h.0.attn.c_attn.bias": 0.10930439084768295, "_backbone.transformer.h.0.attn.c_proj.weight": 1.6097499132156372, "_backbone.transformer.h.0.attn.c_proj.bias": 0.19104841351509094, "_backbone.transformer.h.0.ln_2.weight": 0.06899742782115936, "_backbone.transformer.h.0.ln_2.bias": 0.06174452230334282, "_backbone.transformer.h.0.mlp.c_fc.weight": 1.8150455951690674, "_backbone.transformer.h.0.mlp.c_fc.bias": 0.08948610723018646, "_backbone.transformer.h.0.mlp.c_proj.weight": 1.5042822360992432, "_backbone.transformer.h.0.mlp.c_proj.bias": 0.14953245222568512, "_backbone.transformer.ln_f.weight": 0.22075428068637848, "_backbone.transformer.ln_f.bias": 0.1921488642692566, "_read_out.weight": 0.808032214641571, "_read_out.bias": 0.026490483433008194}, "grad_norm": 3.5108701785272696, "pointwise/loss": {"0": 5.175134181976318, "1": 5.584328651428223, "2": 4.353552341461182, "3": 4.248952388763428, "4": 3.627593994140625, "5": 0.3417184352874756, "6": 0.2815890908241272, "7": 0.13900628685951233, "8": 0.11230943351984024, "9": 0.05119878798723221, "10": 0.04914478212594986}, "n_points": 39, "n_dims": 19, "lr": 0.0001, "_timestamp": 1747516491, "_runtime": 5487, "_step": 71100}